{"cameraMode":{"drawMode":0,"name":"Shaded","section":"Shading Mode"},"sceneLighting":true,"audioPlay":false,"sceneViewState":{"showFog":true,"showMaterialUpdate":false,"showSkybox":true,"showFlares":true,"showImageEffects":true,"showParticleSystems":true,"showVisualEffectGraphs":true,"m_FxEnabled":true},"in2DMode":false,"pivot":{"x":-1.778512716293335,"y":13.746190071105957,"z":7.069702625274658},"rotation":{"x":-0.0003098060842603445,"y":0.9996099472045898,"z":0.0251859650015831,"w":0.012296702712774277},"size":1.6399980783462525,"orthographic":false}